{
    "$schema": "https://schema.management.azure.com/schemas/2015-01-01/deploymentParameters.json#",
    "contentVersion": "1.0.0.0",
    "parameters": {
        "subscriptionId": {
            "value": "f5bad7b7-4523-4886-9175-7fee4bfc8db1"
        },
        "name": {
            "value": "BPCalculatorTym0niasty"
        },
        "location": {
            "value": "West Europe"
        },
        "hostingPlanName": {
            "value": "ASP-BPCalculator-b426"
        },
        "serverFarmResourceGroup": {
            "value": "BP_Calculator"
        },
        "alwaysOn": {
            "value": false
        },
        "ftpsState": {
            "value": "FtpsOnly"
        },
        "sku": {
            "value": "Free"
        },
        "skuCode": {
            "value": "F1"
        },
        "workerSize": {
            "value": "0"
        },
        "workerSizeId": {
            "value": "0"
        },
        "numberOfWorkers": {
            "value": "1"
        },
        "currentStack": {
            "value": "dotnetcore"
        },
        "phpVersion": {
            "value": "OFF"
        },
        "errorLink": {
            "value": "https://BPCalculatorTym0niasty.scm.azurewebsites.net/detectors?type=tools&name=eventviewer"
        },
        "repoUrl": {
            "value": "https://github.com/tym0niasty/CA1"
        },
        "branch": {
            "value": "main"
        }
    }
}