{
    "$schema": "http://schema.management.azure.com/schemas/2015-01-01/deploymentTemplate.json#",
    "contentVersion": "1.0.0.0",
    "parameters": {
        "subscriptionId": {
            "type": "string"
        },
        "name": {
            "type": "string"
        },
        "location": {
            "type": "string"
        },
        "hostingPlanName": {
            "type": "string"
        },
        "serverFarmResourceGroup": {
            "type": "string"
        },
        "alwaysOn": {
            "type": "bool"
        },
        "ftpsState": {
            "type": "string"
        },
        "sku": {
            "type": "string"
        },
        "skuCode": {
            "type": "string"
        },
        "workerSize": {
            "type": "string"
        },
        "workerSizeId": {
            "type": "string"
        },
        "numberOfWorkers": {
            "type": "string"
        },
        "currentStack": {
            "type": "string"
        },
        "phpVersion": {
            "type": "string"
        },
        "errorLink": {
            "type": "string"
        },
        "repoUrl": {
            "type": "string"
        },
        "branch": {
            "type": "string"
        }
    },
    "variables": {},
    "resources": [
        {
            "apiVersion": "2018-11-01",
            "name": "[parameters('name')]",
            "type": "Microsoft.Web/sites",
            "location": "[parameters('location')]",
            "tags": {
                "Application": ""
            },
            "dependsOn": [
                "microsoft.insights/components/BPCalculatorTym0niasty",
                "[concat('Microsoft.Web/serverfarms/', parameters('hostingPlanName'))]"
            ],
            "properties": {
                "name": "[parameters('name')]",
                "siteConfig": {
                    "appSettings": [
                        {
                            "name": "APPINSIGHTS_INSTRUMENTATIONKEY",
                            "value": "[reference('microsoft.insights/components/BPCalculatorTym0niasty', '2015-05-01').InstrumentationKey]"
                        },
                        {
                            "name": "APPLICATIONINSIGHTS_CONNECTION_STRING",
                            "value": "[reference('microsoft.insights/components/BPCalculatorTym0niasty', '2015-05-01').ConnectionString]"
                        },
                        {
                            "name": "ApplicationInsightsAgent_EXTENSION_VERSION",
                            "value": "~2"
                        },
                        {
                            "name": "XDT_MicrosoftApplicationInsights_Mode",
                            "value": "default"
                        },
                        {
                            "name": "ANCM_ADDITIONAL_ERROR_PAGE_LINK",
                            "value": "[parameters('errorLink')]"
                        }
                    ],
                    "metadata": [
                        {
                            "name": "CURRENT_STACK",
                            "value": "[parameters('currentStack')]"
                        }
                    ],
                    "phpVersion": "[parameters('phpVersion')]",
                    "alwaysOn": "[parameters('alwaysOn')]",
                    "ftpsState": "[parameters('ftpsState')]"
                },
                "serverFarmId": "[concat('/subscriptions/', parameters('subscriptionId'),'/resourcegroups/', parameters('serverFarmResourceGroup'), '/providers/Microsoft.Web/serverfarms/', parameters('hostingPlanName'))]",
                "clientAffinityEnabled": true,
                "virtualNetworkSubnetId": null,
                "httpsOnly": true
            },
            "resources": [
                {
                    "type": "sourcecontrols",
                    "name": "web",
                    "apiVersion": "2020-12-01",
                    "properties": {
                        "RepoUrl": "[parameters('repoUrl')]",
                        "branch": "[parameters('branch')]",
                        "IsManualIntegration": false,
                        "deploymentRollbackEnabled": false,
                        "isMercurial": false,
                        "isGitHubAction": true,
                        "gitHubActionConfiguration": {
                            "generateWorkflowFile": true,
                            "workflowSettings": {
                                "appType": "webapp",
                                "publishType": "code",
                                "os": "windows",
                                "runtimeStack": "dotnet",
                                "workflowApiVersion": "2020-12-01",
                                "slotName": "production",
                                "variables": {
                                    "runtimeVersion": "3.1.301"
                                }
                            }
                        }
                    },
                    "dependsOn": [
                        "[resourceId('Microsoft.Web/Sites', parameters('name'))]"
                    ]
                }
            ]
        },
        {
            "apiVersion": "2018-11-01",
            "name": "[parameters('hostingPlanName')]",
            "type": "Microsoft.Web/serverfarms",
            "location": "[parameters('location')]",
            "kind": "",
            "tags": {
                "Application": ""
            },
            "dependsOn": [],
            "properties": {
                "name": "[parameters('hostingPlanName')]",
                "workerSize": "[parameters('workerSize')]",
                "workerSizeId": "[parameters('workerSizeId')]",
                "numberOfWorkers": "[parameters('numberOfWorkers')]",
                "zoneRedundant": false
            },
            "sku": {
                "Tier": "[parameters('sku')]",
                "Name": "[parameters('skuCode')]"
            }
        },
        {
            "apiVersion": "2020-02-02-preview",
            "name": "BPCalculatorTym0niasty",
            "type": "microsoft.insights/components",
            "location": "westeurope",
            "tags": {
                "Application": ""
            },
            "dependsOn": [
                "newWorkspaceTemplate"
            ],
            "properties": {
                "ApplicationId": "[parameters('name')]",
                "Request_Source": "IbizaWebAppExtensionCreate",
                "Flow_Type": "Redfield",
                "Application_Type": "web",
                "WorkspaceResourceId": "/subscriptions/f5bad7b7-4523-4886-9175-7fee4bfc8db1/resourceGroups/DefaultResourceGroup-WEU/providers/Microsoft.OperationalInsights/workspaces/DefaultWorkspace-f5bad7b7-4523-4886-9175-7fee4bfc8db1-WEU"
            }
        },
        {
            "type": "Microsoft.Resources/deployments",
            "apiVersion": "2019-10-01",
            "name": "newWorkspaceTemplate",
            "resourceGroup": "DefaultResourceGroup-WEU",
            "subscriptionId": "[parameters('subscriptionId')]",
            "properties": {
                "mode": "Incremental",
                "template": {
                    "$schema": "https://schema.management.azure.com/schemas/2015-01-01/deploymentTemplate.json#",
                    "contentVersion": "1.0.0.0",
                    "parameters": {},
                    "variables": {},
                    "resources": [
                        {
                            "apiVersion": "2020-08-01",
                            "name": "DefaultWorkspace-f5bad7b7-4523-4886-9175-7fee4bfc8db1-WEU",
                            "type": "Microsoft.OperationalInsights/workspaces",
                            "location": "West Europe",
                            "properties": {}
                        }
                    ]
                }
            }
        }
    ]
}